source,n_seeds,NMI_mean,NMI_std,ARI_mean,ARI_std
reference,5,0.5031470214412048,0.0019950842968933825,0.23674355487879356,0.008409097149344227
luna,5,0.39414446474041315,0.010132400079544765,0.15760251562677416,0.006147948375672813
g2t,5,0.38864160024236727,0.004656327182142696,0.14971890315413802,0.013296074470943548
celery,5,0.3842723864322883,0.006347637672652194,0.13403314478834055,0.013034122566568159
