source,n_seeds,n_sections,NMI_mean,NMI_std,ARI_mean,ARI_std
reference,5,14,0.42733502799956036,0.0032562126215250568,0.2538894099445731,0.0033744626771473087
luna,5,14,0.30379099771188695,0.008936965017264835,0.17450813488942368,0.003011223117023594
g2t,5,14,0.29567745557375896,0.006003297519533037,0.15977083933268327,0.00850576411754935
celery,5,14,0.2861917576188252,0.008874581866430666,0.1590364791341892,0.00947517517706443
