source,n_cells,n_clusters,NMI,ARI
reference,570176,100,0.499895116956612,0.22312920183073176
luna,570176,100,0.38815675400486416,0.15242735613916156
g2t,570176,100,0.3893321231157428,0.1520740412340113
celery,570176,100,0.39308283864276206,0.13183391240660272
