source,n_cells,n_clusters,NMI,ARI
reference,570176,100,0.5034993460695434,0.24625186769004023
luna,570176,100,0.41154582562555697,0.16793967433492032
g2t,570176,100,0.38184808564200307,0.14337851589583184
celery,570176,100,0.3809754106113801,0.1382010366242842
