source,n_cells,n_clusters,NMI,ARI
reference,570176,100,0.5028844194475867,0.2372605332172937
luna,570176,100,0.3945896804596064,0.15364382858183376
g2t,570176,100,0.3863805191008502,0.13543560602943813
celery,570176,100,0.38827308779328207,0.1542370089734495
