method,n_seeds,spearman_mean_of_medians_mean,spearman_mean_of_medians_sd,f1_mean_mean,f1_mean_sd,sum_rssd_mean_mean,sum_rssd_mean_sd,spearman_mean_of_medians_delta,spearman_mean_of_medians_pct,spearman_mean_of_medians_better,spearman_mean_of_medians_t,spearman_mean_of_medians_p,spearman_mean_of_medians_sig,f1_mean_delta,f1_mean_pct,f1_mean_better,f1_mean_t,f1_mean_p,f1_mean_sig,sum_rssd_mean_delta,sum_rssd_mean_pct,sum_rssd_mean_better,sum_rssd_mean_t,sum_rssd_mean_p,sum_rssd_mean_sig
G2T,5,0.1797184262690799,0.021768513558887297,0.04099923319255624,0.0046298311807271165,622.0118121605897,3.5773235215032364,,,,,,,,,,,,,,,,,,
LUNA,5,0.1566850705371637,0.05427950262938135,0.03815214998802886,0.014406918708503278,666.2774716447333,106.56141773018189,0.0230333557319162,14.700415076529566,True,1.5725310716698184,0.19093159314142438,,0.0028470832045273745,7.4624449878203825,True,0.5927254077718268,0.5852506376675968,,-44.26565948414361,6.64372748111564,True,-0.9482275862579437,0.39670728697845214,
CeLEry,5,0.05916974800680427,0.011925439756593534,0.015535013572013682,0.0006348339084392094,36993780.27313237,110.8703414906196,0.12054867826227564,203.7336347087587,True,12.241133393975215,0.0002557323938487628,***,0.025464219620542558,163.91501367218845,True,12.46031039502888,0.00023856903706494966,***,-36993158.26132021,99.99831860435033,True,-728866.7881417347,2.1259772099323975e-23,***
