method,n_seeds,spearman_mean_of_medians_mean,spearman_mean_of_medians_sd,f1_mean_mean,f1_mean_sd,sum_rssd_mean_mean,sum_rssd_mean_sd,spearman_mean_of_medians_delta,spearman_mean_of_medians_pct,spearman_mean_of_medians_better,spearman_mean_of_medians_t,spearman_mean_of_medians_p,spearman_mean_of_medians_sig,f1_mean_delta,f1_mean_pct,f1_mean_better,f1_mean_t,f1_mean_p,f1_mean_sig,sum_rssd_mean_delta,sum_rssd_mean_pct,sum_rssd_mean_better,sum_rssd_mean_t,sum_rssd_mean_p,sum_rssd_mean_sig
G2T,5,0.47221192794128086,0.004660152749447361,0.06254129940883875,0.0008893769960053937,76.09809730102671,1.3810035732469654,,,,,,,,,,,,,,,,,,
LUNA,5,0.45343778249585986,0.008346695933396748,0.059710723709812244,0.0006143839106285854,77.30199670552221,1.4618327082357212,0.018774145445420998,4.140401653801846,True,4.0395997729993,0.01560916492571921,*,0.002830575699026505,4.740481312507284,True,5.106982751351942,0.006948735330365233,**,-1.2038994044955018,1.557397552202554,True,-1.3689035350876462,0.24286540498471795,
CeLEry,5,0.2289692660700124,0.011085900708002942,0.02954328133900836,0.0008765396259182737,602920.8451682574,39759.9723275377,0.24324266187126847,106.23376055932839,True,46.61711596550045,1.2665971785937784e-06,***,0.03299801806983039,111.69381522376955,True,57.67800038766947,5.410540616218711e-07,***,-602844.7470709564,99.98737842655287,True,-33.90285872341168,4.515347786353708e-06,***
