source,n_cells,n_clusters,NMI,ARI
reference,570176,100,0.5044508280776316,0.2389768846299105
luna,570176,100,0.3873526171445463,0.15776071736264555
g2t,570176,100,0.3927710846011726,0.14680094143785477
celery,570176,100,0.37712673126507507,0.12423896048531292
