source,n_cells,n_clusters,NMI,ARI
reference,570176,100,0.5050053966546508,0.23809928702599167
luna,570176,100,0.38907744646749226,0.15624100171530989
g2t,570176,100,0.3928761887520674,0.17090541117355434
celery,570176,100,0.38190386384894226,0.12165480545205345
